 ,I,II,III,IV,V,VI,VII,VIII,IX,X,XI,XII,XIII,XIV,XV,XVI
C,0.019555725142624023,0.06744179205077921,0.026389824429795927,0.1256112380851024,0.04805089515582326,0.022632302789058346,0.08981776744681044,0.04685037445430386,0.037016271273551296,0.06190122678073993,0.054910951647352345,0.08973470439286747,0.07639313397335147,0.06555275650368571,0.09007993521081792,0.07806110066333635
T,0.018770820142432195,0.06731722982752074,0.02612926197008827,0.12771101548323138,0.04762606742248852,0.022223949682048934,0.0907201037120337,0.046460569073599994,0.03608345832803012,0.06170267212078542,0.05544367344242645,0.08905811729792346,0.07669720242803876,0.06461621660520311,0.09060450711274871,0.07883513535140024
